,precision,recall,fbeta
0,0.7880741337630943,0.6237244897959183,0.6963332146671414
