,Male,Female
precision,0.6318972033257747,0.5795918367346938
recall,0.7783985102420856,0.8502994011976048
fbeta,0.6975385899040466,0.6893203883495145
